<metadata xml:lang="en">
	<Esri>
		<CreaDate>20231106</CreaDate>
		<CreaTime>12494100</CreaTime>
		<ArcGISFormat>1.0</ArcGISFormat>
		<ArcGISstyle>FGDC CSDGM Metadata</ArcGISstyle>
		<SyncOnce>FALSE</SyncOnce>
		<DataProperties>
			<itemProps>
				<itemName Sync="TRUE">MNCounties</itemName>
				<nativeExtBox>
					<westBL Sync="TRUE">174000.000000</westBL>
					<eastBL Sync="TRUE">787000.000000</eastBL>
					<southBL Sync="TRUE">4790000.000000</southBL>
					<northBL Sync="TRUE">5500000.000000</northBL>
					<exTypeCode Sync="TRUE">1</exTypeCode>
				</nativeExtBox>
				<itemLocation>
					<linkage Sync="TRUE">file://\\MAYAS-LAPTOP\C$\Users\medst\Dropbox\Grad School\Fall 2023\Geog575\unit-3\data\MNCounties.shp</linkage>
					<protocol Sync="TRUE">Local Area Network</protocol>
				</itemLocation>
				<imsContentType Sync="TRUE">002</imsContentType>
				<itemSize Sync="TRUE">0.000</itemSize>
			</itemProps>
			<coordRef>
				<type Sync="TRUE">Projected</type>
				<geogcsn Sync="TRUE">GCS_WGS_1984</geogcsn>
				<csUnits Sync="TRUE">Linear Unit: Meter (1.000000)</csUnits>
				<projcsn Sync="TRUE">WGS_1984_Web_Mercator_Auxiliary_Sphere</projcsn>
				<peXml Sync="TRUE">&lt;ProjectedCoordinateSystem xsi:type='typens:ProjectedCoordinateSystem' xmlns:xsi='http://www.w3.org/2001/XMLSchema-instance' xmlns:xs='http://www.w3.org/2001/XMLSchema' xmlns:typens='http://www.esri.com/schemas/ArcGIS/3.1.0'&gt;&lt;WKT&gt;PROJCS[&amp;quot;WGS_1984_Web_Mercator_Auxiliary_Sphere&amp;quot;,GEOGCS[&amp;quot;GCS_WGS_1984&amp;quot;,DATUM[&amp;quot;D_WGS_1984&amp;quot;,SPHEROID[&amp;quot;WGS_1984&amp;quot;,6378137.0,298.257223563]],PRIMEM[&amp;quot;Greenwich&amp;quot;,0.0],UNIT[&amp;quot;Degree&amp;quot;,0.0174532925199433]],PROJECTION[&amp;quot;Mercator_Auxiliary_Sphere&amp;quot;],PARAMETER[&amp;quot;False_Easting&amp;quot;,0.0],PARAMETER[&amp;quot;False_Northing&amp;quot;,0.0],PARAMETER[&amp;quot;Central_Meridian&amp;quot;,0.0],PARAMETER[&amp;quot;Standard_Parallel_1&amp;quot;,0.0],PARAMETER[&amp;quot;Auxiliary_Sphere_Type&amp;quot;,0.0],UNIT[&amp;quot;Meter&amp;quot;,1.0],AUTHORITY[&amp;quot;EPSG&amp;quot;,3857]]&lt;/WKT&gt;&lt;XOrigin&gt;-20037700&lt;/XOrigin&gt;&lt;YOrigin&gt;-30241100&lt;/YOrigin&gt;&lt;XYScale&gt;148923141.92838538&lt;/XYScale&gt;&lt;ZOrigin&gt;-100000&lt;/ZOrigin&gt;&lt;ZScale&gt;10000&lt;/ZScale&gt;&lt;MOrigin&gt;-100000&lt;/MOrigin&gt;&lt;MScale&gt;10000&lt;/MScale&gt;&lt;XYTolerance&gt;0.001&lt;/XYTolerance&gt;&lt;ZTolerance&gt;0.001&lt;/ZTolerance&gt;&lt;MTolerance&gt;0.001&lt;/MTolerance&gt;&lt;HighPrecision&gt;true&lt;/HighPrecision&gt;&lt;WKID&gt;102100&lt;/WKID&gt;&lt;LatestWKID&gt;3857&lt;/LatestWKID&gt;&lt;/ProjectedCoordinateSystem&gt;</peXml>
			</coordRef>
			<lineage>
				<Process ToolSource="c:\program files (x86)\arcgis\desktop10.7\ArcToolbox\Toolboxes\Data Management Tools.tbx\Copy" Date="20231106" Time="124955">Copy "Database Connections\TGP_11g.sde\SDW_GOVNT.COUNTY" \\T79PAW170GIS014\us_mn_state_dot\bdry_counties\fgdb\bdry_counties.gdb\County_Boundaries_in_Minnesota FeatureClass</Process>
				<Process ToolSource="C:\program files\arcgis\server\ArcToolbox\Toolboxes\Conversion Tools.tbx\FeatureClassToFeatureClass" Date="20231108" Time="234526">FeatureClassToFeatureClass /var/ftp/gdrs_temp/update\us_mn_state_dot\bdry_counties\fgdb\bdry_counties.gdb\County_Boundaries_in_Minnesota /var/ftp/gdrs_temp/update\us_mn_state_dot\bdry_counties\shp County_Boundaries_in_Minnesota.shp # "COUNTY_NAM "COUNTY_NAM" true true false 30 Text 0 0 ,First,#,/var/ftp/gdrs_temp/update\us_mn_state_dot\bdry_counties\fgdb\bdry_counties.gdb\County_Boundaries_in_Minnesota,COUNTY_NAME,-1,-1;COUNTY_COD "COUNTY_COD" true true false 2 Text 0 0 ,First,#,/var/ftp/gdrs_temp/update\us_mn_state_dot\bdry_counties\fgdb\bdry_counties.gdb\County_Boundaries_in_Minnesota,COUNTY_CODE,-1,-1;COUNTY_FIP "COUNTY_FIP" true true false 10 Text 0 0 ,First,#,/var/ftp/gdrs_temp/update\us_mn_state_dot\bdry_counties\fgdb\bdry_counties.gdb\County_Boundaries_in_Minnesota,COUNTY_FIPS55_CODE,-1,-1;COUNTY_GNI "COUNTY_GNI" true true false 4 Long 0 0 ,First,#,/var/ftp/gdrs_temp/update\us_mn_state_dot\bdry_counties\fgdb\bdry_counties.gdb\County_Boundaries_in_Minnesota,COUNTY_GNIS_FEATURE_ID,-1,-1;ATP_CODE "ATP_CODE" true true false 10 Text 0 0 ,First,#,/var/ftp/gdrs_temp/update\us_mn_state_dot\bdry_counties\fgdb\bdry_counties.gdb\County_Boundaries_in_Minnesota,ATP_CODE,-1,-1;SHAPE_Leng "SHAPE_Leng" false true true 8 Double 0 0 ,First,#,/var/ftp/gdrs_temp/update\us_mn_state_dot\bdry_counties\fgdb\bdry_counties.gdb\County_Boundaries_in_Minnesota,SHAPE_Length,-1,-1;SHAPE_Area "SHAPE_Area" false true true 8 Double 0 0 ,First,#,/var/ftp/gdrs_temp/update\us_mn_state_dot\bdry_counties\fgdb\bdry_counties.gdb\County_Boundaries_in_Minnesota,SHAPE_Area,-1,-1" #</Process>
				<Process ToolSource="c:\program files\arcgis\pro\Resources\ArcToolbox\Toolboxes\Data Management Tools.tbx\DeleteField" Date="20231119" Time="193848">DeleteField County_Boundaries_in_Minnesota COUNTY_COD "Delete Fields"</Process><Process ToolSource="c:\program files\arcgis\pro\Resources\ArcToolbox\Toolboxes\Data Management Tools.tbx\DeleteField" Date="20231119" Time="193854">DeleteField County_Boundaries_in_Minnesota COUNTY_FIP "Delete Fields"</Process><Process ToolSource="c:\program files\arcgis\pro\Resources\ArcToolbox\Toolboxes\Data Management Tools.tbx\DeleteField" Date="20231119" Time="193907">DeleteField County_Boundaries_in_Minnesota ATP_CODE "Delete Fields"</Process><Process ToolSource="c:\program files\arcgis\pro\Resources\ArcToolbox\toolboxes\Conversion Tools.tbx\ExportFeatures" Date="20231119" Time="195613">ExportFeatures County_Boundaries_in_Minnesota C:\Users\medst\OneDrive\Documents\ArcGIS\Projects\MyProject6\MyProject6.gdb\CountyBoundaries # NOT_USE_ALIAS "COUNTY_NAM "COUNTY_NAM" true true false 30 Text 0 0,First,#,County_Boundaries_in_Minnesota,COUNTY_NAM,0,30;COUNTY_GNI "COUNTY_GNI" true true false 10 Long 0 10,First,#,County_Boundaries_in_Minnesota,COUNTY_GNI,-1,-1;SHAPE_Leng "SHAPE_Leng" true true false 19 Double 0 0,First,#,County_Boundaries_in_Minnesota,SHAPE_Leng,-1,-1;SHAPE_Area "SHAPE_Area" true true false 19 Double 0 0,First,#,County_Boundaries_in_Minnesota,SHAPE_Area,-1,-1" #</Process><Process ToolSource="c:\program files\arcgis\pro\Resources\ArcToolbox\toolboxes\Conversion Tools.tbx\ExportFeatures" Date="20231119" Time="200452">ExportFeatures CountyBoundaries "C:\Users\medst\Dropbox\Grad School\Fall 2023\Geog575\unit-3\data\MNCounties.shp" # NOT_USE_ALIAS "COUNTY_NAM "COUNTY_NAM" true true false 30 Text 0 0,First,#,CountyBoundaries,COUNTY_NAM,0,30;COUNTY_GNI "COUNTY_GNI" true true false 4 Long 0 0,First,#,CountyBoundaries,COUNTY_GNI,-1,-1;SHAPE_Leng "SHAPE_Leng" true true false 8 Double 0 0,First,#,CountyBoundaries,SHAPE_Leng,-1,-1;Shape_Length "Shape_Length" false true true 8 Double 0 0,First,#,CountyBoundaries,Shape_Length,-1,-1;Shape_Area "Shape_Area" false true true 8 Double 0 0,First,#,CountyBoundaries,Shape_Area,-1,-1" #</Process></lineage>
		</DataProperties>
		<SyncDate>20231119</SyncDate>
		<SyncTime>20045200</SyncTime>
		<ModDate>20231119</ModDate>
		<ModTime>20045200</ModTime>
	</Esri>
	<mdLang>
		<languageCode value="eng"/>
		<countryCode value="USA" Sync="TRUE"/>
	</mdLang>
	<mdChar>
		<CharSetCd value="004"/>
	</mdChar>
	<mdHrLv>
		<ScopeCd value="005"/>
	</mdHrLv>
	<mdContact>
		<rpIndName>Kyle House</rpIndName>
		<rpOrgName>Minnesota Department of Transportation</rpOrgName>
		<rpPosName>Research Analyst Intermediate</rpPosName>
		<rpCntInfo>
			<cntPhone>
				<voiceNum>651-366-3873</voiceNum>
				<faxNum>651-366-3886</faxNum>
			</cntPhone>
			<cntAddress addressType="physical">
				<delPoint>395 John Ireland Blvd.</delPoint>
				<city>Saint Paul</city>
				<adminArea>MN</adminArea>
				<postCode>55155</postCode>
				<country>US</country>
				<eMailAdd>kyle.house@state.mn.us</eMailAdd>
			</cntAddress>
			<cntHours>NA</cntHours>
			<cntInstr>NA</cntInstr>
		</rpCntInfo>
		<role>
			<RoleCd value="007"/>
		</role>
	</mdContact>
	<mdDateSt Sync="TRUE">20231119</mdDateSt>
	<mdStanName>ArcGIS Metadata</mdStanName>
	<mdStanVer>1.0</mdStanVer>
	<dataIdInfo>
		<idCitation>
			<resTitle Sync="TRUE">MNCounties</resTitle>
			<date>
				<pubDate>2019-08-09</pubDate>
			</date>
			<citRespParty>
				<rpOrgName>Peter Morey, Minnesota Department of Transportation, Data Systems and Coordination Section Director</rpOrgName>
				<role>
					<RoleCd value="006"/>
				</role>
			</citRespParty>
			<presForm>
				<PresFormCd value="005"/>
			</presForm>
			<presForm>
				<fgdcGeoform>vector digital data</fgdcGeoform>
			</presForm>
		</idCitation>
		<idAbs>This dataset represents the county boundaries, as recognized by the Minnesota Department of Transportation. There are 87 counties in Minnesota.</idAbs>
		<idPurp>The purpose of this dataset is to spatially represent the county boundaries and use as reference for other layers spatially dependent on county boundaries (ex. ATP boundaries).</idPurp>
		<idStatus>
			<ProgCd value="001"/>
		</idStatus>
		<idPoC>
			<rpIndName>Peter Morey</rpIndName>
			<rpOrgName>Minnesota Department of Transportation</rpOrgName>
			<rpPosName>Data Systems and Coordination Section Director</rpPosName>
			<rpCntInfo>
				<cntPhone>
					<voiceNum>651-366-3872</voiceNum>
					<faxNum>651-366-3886</faxNum>
				</cntPhone>
				<cntAddress addressType="physical">
					<delPoint>395 John Ireland Blvd.</delPoint>
					<city>Saint Paul</city>
					<adminArea>MN</adminArea>
					<postCode>55155</postCode>
					<country>US</country>
					<eMailAdd>peter.morey@state.mn.us</eMailAdd>
				</cntAddress>
				<cntHours>NA</cntHours>
				<cntInstr>NA</cntInstr>
			</rpCntInfo>
			<role>
				<RoleCd value="007"/>
			</role>
		</idPoC>
		<resMaint>
			<maintFreq>
				<MaintFreqCd value="003"/>
			</maintFreq>
		</resMaint>
		<placeKeys>
			<keyword>Minnnesota</keyword>
		</placeKeys>
		<themeKeys>
			<keyword>Minnesota, County, Boundaries</keyword>
		</themeKeys>
		<themeKeys>
			<keyword>boundaries</keyword>
			<thesaName>
				<resTitle>ISO 19115 Topic Categories</resTitle>
			</thesaName>
		</themeKeys>
		<searchKeys>
			<keyword>Minnnesota</keyword>
			<keyword>boundaries</keyword>
			<keyword>Minnesota, County, Boundaries</keyword>
		</searchKeys>
		<spatRpType>
			<SpatRepTypCd value="001"/>
		</spatRpType>
		<dataLang>
			<languageCode value="eng"/>
			<countryCode value="USA" Sync="TRUE"/>
		</dataLang>
		<tpCat>
			<TopicCatCd value="003"/>
		</tpCat>
		<envirDesc Sync="TRUE">Microsoft Windows 10 Version 10.0 (Build 22621) ; Esri ArcGIS 13.1.0.41833</envirDesc>
		<dataExt>
			<exDesc>State of Minnesota</exDesc>
			<tempEle>
				<TempExtent>
					<exTemp>
						<TM_Period>
							<tmBegin>2019-08-09</tmBegin>
							<tmEnd>2019-08-09</tmEnd>
						</TM_Period>
					</exTemp>
				</TempExtent>
			</tempEle>
			<geoEle/>
		</dataExt>
		<dataExt>
			<geoEle>
				<GeoBndBox>
					<westBL>-97.26969</westBL>
					<eastBL>-89.397194</eastBL>
					<southBL>43.192405</southBL>
					<northBL>49.652543</northBL>
				</GeoBndBox>
			</geoEle>
		</dataExt>
		<dataExt>
			<geoEle>
				<GeoBndBox esriExtentType="search">
					<exTypeCode Sync="TRUE">1</exTypeCode>
					<westBL Sync="TRUE">-97.508970</westBL>
					<eastBL Sync="TRUE">-89.028990</eastBL>
					<northBL Sync="TRUE">49.652543</northBL>
					<southBL Sync="TRUE">43.192405</southBL>
				</GeoBndBox>
			</geoEle>
		</dataExt>
	</dataIdInfo>
	<mdMaint>
		<maintFreq>
			<MaintFreqCd value="012"/>
		</maintFreq>
		<dateNext>20190813</dateNext>
	</mdMaint>
	<spatRepInfo>
		<VectSpatRep><geometObjs Name="MNCounties"><geoObjTyp><GeoObjTypCd value="002" Sync="TRUE"></GeoObjTypCd></geoObjTyp><geoObjCnt Sync="TRUE">0</geoObjCnt></geometObjs><topLvl><TopoLevCd value="001" Sync="TRUE"></TopoLevCd></topLvl></VectSpatRep></spatRepInfo>
	<eainfo>
		<detailed Name="MNCounties">
			<enttyp>
				<enttypl Sync="TRUE">MNCounties</enttypl>
				<enttypd>ESRI</enttypd>
				<enttypds>ESRI</enttypds>
				<enttypt Sync="TRUE">Feature Class</enttypt>
				<enttypc Sync="TRUE">0</enttypc>
			</enttyp>
			<attr><attrlabl Sync="TRUE">FID</attrlabl><attalias Sync="TRUE">FID</attalias><attrtype Sync="TRUE">OID</attrtype><attwidth Sync="TRUE">4</attwidth><atprecis Sync="TRUE">0</atprecis><attscale Sync="TRUE">0</attscale><attrdef Sync="TRUE">Internal feature number.</attrdef><attrdefs Sync="TRUE">Esri</attrdefs><attrdomv><udom Sync="TRUE">Sequential unique whole numbers that are automatically generated.</udom></attrdomv></attr><attr>
				<attrlabl Sync="TRUE">COUNTY_NAM</attrlabl>
				<attalias Sync="TRUE">COUNTY_NAM</attalias>
				<attrtype Sync="TRUE">String</attrtype>
				<attwidth Sync="TRUE">30</attwidth>
				<atprecis Sync="TRUE">0</atprecis>
				<attscale Sync="TRUE">0</attscale>
			</attr>
			<attr>
				<attrlabl Sync="TRUE">COUNTY_GNI</attrlabl>
				<attalias Sync="TRUE">COUNTY_GNI</attalias>
				<attrtype Sync="TRUE">Integer</attrtype>
				<attwidth Sync="TRUE">10</attwidth>
				<atprecis Sync="TRUE">10</atprecis>
				<attscale Sync="TRUE">0</attscale>
			</attr>
			<attr>
				<attrlabl>Shape</attrlabl>
				<attrdef>Feature geometry.</attrdef>
				<attrdefs>Esri</attrdefs>
				<attrdomv>
					<udom>Coordinates defining the features.</udom>
				</attrdomv>
				<attalias Sync="TRUE">Shape</attalias>
				<attrtype Sync="TRUE">Geometry</attrtype>
				<attwidth Sync="TRUE">0</attwidth>
				<atprecis Sync="TRUE">0</atprecis>
				<attscale Sync="TRUE">0</attscale>
			</attr>
			<attr>
				<attrlabl Sync="TRUE">SHAPE_Leng</attrlabl>
				<attalias Sync="TRUE">SHAPE_Leng</attalias>
				<attrtype Sync="TRUE">Double</attrtype>
				<attwidth Sync="TRUE">19</attwidth>
				<atprecis Sync="TRUE">0</atprecis>
				<attscale Sync="TRUE">0</attscale>
			</attr>
			<attr><attrlabl Sync="TRUE">Shape_Le_1</attrlabl><attalias Sync="TRUE">Shape_Le_1</attalias><attrtype Sync="TRUE">Double</attrtype><attwidth Sync="TRUE">19</attwidth><atprecis Sync="TRUE">0</atprecis><attscale Sync="TRUE">0</attscale></attr><attr>
				<attrlabl Sync="TRUE">SHAPE_Area</attrlabl>
				<attalias Sync="TRUE">Shape_Area</attalias>
				<attrtype Sync="TRUE">Double</attrtype>
				<attwidth Sync="TRUE">19</attwidth>
				<atprecis Sync="TRUE">0</atprecis>
				<attscale Sync="TRUE">0</attscale>
				<attrdef Sync="TRUE">Area of feature in internal units squared.</attrdef>
				<attrdefs Sync="TRUE">Esri</attrdefs>
				<attrdomv>
					<udom Sync="TRUE">Positive real numbers that are automatically generated.</udom>
				</attrdomv>
			</attr>
		</detailed>
	</eainfo>
	<distInfo>
		<distFormat>
			<formatName Sync="TRUE">Shapefile</formatName>
		</distFormat>
		<distTranOps>
			<transSize Sync="TRUE">0.000</transSize>
		</distTranOps>
	</distInfo>
	<mdHrLvName Sync="TRUE">dataset</mdHrLvName>
	<refSysInfo>
		<RefSystem>
			<refSysID>
				<identCode code="3857" Sync="TRUE"/>
				<idCodeSpace Sync="TRUE">EPSG</idCodeSpace>
				<idVersion Sync="TRUE">6.18.3(9.3.1.2)</idVersion>
			</refSysID>
		</RefSystem>
	</refSysInfo>
	<spdoinfo>
		<ptvctinf><esriterm Name="MNCounties"><efeatyp Sync="TRUE">Simple</efeatyp><efeageom code="4" Sync="TRUE"></efeageom><esritopo Sync="TRUE">FALSE</esritopo><efeacnt Sync="TRUE">0</efeacnt><spindex Sync="TRUE">FALSE</spindex><linrefer Sync="TRUE">FALSE</linrefer></esriterm></ptvctinf></spdoinfo>
</metadata>
